,img_path,caption
0,./image/Anne_of_Green_Gables_ghibli_1.jpg,a woman with red hair standing in front of a window
1,./image/Anne_of_Green_Gables_ghibli_10.jpg,a couple of people that are standing in the snow
2,./image/Anne_of_Green_Gables_ghibli_100.jpg,a girl with long red hair and a braid
3,./image/Anne_of_Green_Gables_ghibli_101.jpg,a man standing next to a little girl in a field
4,./image/Anne_of_Green_Gables_ghibli_102.jpg,a painting of a fence in the snow
5,./image/Anne_of_Green_Gables_ghibli_103.jpg,a person standing on a dirt road with a house in the background
6,./image/Anne_of_Green_Gables_ghibli_104.jpg,a woman standing next to a little girl in the snow
7,./image/Anne_of_Green_Gables_ghibli_105.jpg,a girl with red hair and blue eyes sitting on a bench
8,./image/Anne_of_Green_Gables_ghibli_106.jpg,a little girl standing in a field of flowers
9,./image/Anne_of_Green_Gables_ghibli_107.jpg,a wooden table topped with a pile of books
10,./image/Anne_of_Green_Gables_ghibli_108.jpg,a cartoon of a girl with red hair and blue eyes
11,./image/Anne_of_Green_Gables_ghibli_109.jpg,a woman in an apron and hat with her arms outstretched
12,./image/Anne_of_Green_Gables_ghibli_11.jpg,a woman in a blue dress standing in front of a tree
13,./image/Anne_of_Green_Gables_ghibli_110.jpg,a cartoon of a woman shaking hands with a man
14,./image/Anne_of_Green_Gables_ghibli_111.jpg,a girl holding a basket on her head
15,./image/Anne_of_Green_Gables_ghibli_112.jpg,a person riding in a horse drawn carriage down a dirt road
16,./image/Anne_of_Green_Gables_ghibli_113.jpg,a person laying on a blanket with food on it
17,./image/Anne_of_Green_Gables_ghibli_114.jpg,a person with a hood on standing in front of some trees
18,./image/Anne_of_Green_Gables_ghibli_115.jpg,a painting of a snow covered field with a house in the background
19,./image/Anne_of_Green_Gables_ghibli_116.jpg,a man and woman riding in a horse drawn carriage
20,./image/Anne_of_Green_Gables_ghibli_117.jpg,a girl sitting in a chair with a candle in her hand
21,./image/Anne_of_Green_Gables_ghibli_118.jpg,a couple of people standing in the snow
22,./image/Anne_of_Green_Gables_ghibli_119.jpg,a man and a woman sitting next to each other
23,./image/Anne_of_Green_Gables_ghibli_12.jpg,a painting of two people walking through a forest
24,./image/Anne_of_Green_Gables_ghibli_120.jpg,a person standing in a forest with trees
25,./image/Anne_of_Green_Gables_ghibli_121.jpg,a painting of a couple walking through a field of flowers
26,./image/Anne_of_Green_Gables_ghibli_122.jpg,a painting of a person standing in the middle of a forest
27,./image/Anne_of_Green_Gables_ghibli_123.jpg,a woman with red hair sitting on the floor in front of a window
28,./image/Anne_of_Green_Gables_ghibli_124.jpg,a girl holding a basket of berries in a forest
29,./image/Anne_of_Green_Gables_ghibli_125.jpg,a woman holding a cake in front of her face
30,./image/Anne_of_Green_Gables_ghibli_126.jpg,a woman in a white dress holding a bouquet of flowers
31,./image/Anne_of_Green_Gables_ghibli_127.jpg,a woman in a black dress and hat holding a purse
32,./image/Anne_of_Green_Gables_ghibli_128.jpg,a girl with her eyes closed standing in front of leaves
33,./image/Anne_of_Green_Gables_ghibli_129.jpg,a woman with red hair wearing a hat
34,./image/Anne_of_Green_Gables_ghibli_13.jpg,a couple of women standing next to each other
35,./image/Anne_of_Green_Gables_ghibli_130.jpg,a woman standing next to a man in the snow
36,./image/Anne_of_Green_Gables_ghibli_131.jpg,a woman with red hair standing in front of a church
37,./image/Anne_of_Green_Gables_ghibli_132.jpg,a painting of two cats sitting in the woods
38,./image/Anne_of_Green_Gables_ghibli_133.jpg,a couple of women standing on top of a wooden bridge
39,./image/Anne_of_Green_Gables_ghibli_134.jpg,a girl in a hat and dress with flowers in her hair
40,./image/Anne_of_Green_Gables_ghibli_135.jpg,a woman in a long dress walking through a forest
41,./image/Anne_of_Green_Gables_ghibli_136.jpg,a painting of two children walking down a snow covered road
42,./image/Anne_of_Green_Gables_ghibli_137.jpg,a woman in a dress holding a basket in front of trees
43,./image/Anne_of_Green_Gables_ghibli_138.jpg,a woman looking out of a window at a tree
44,./image/Anne_of_Green_Gables_ghibli_139.jpg,a cartoon of a woman with red hair and blue overalls
45,./image/Anne_of_Green_Gables_ghibli_14.jpg,a woman walking down a dirt road next to a forest
46,./image/Anne_of_Green_Gables_ghibli_140.jpg,a couple of women standing next to each other
47,./image/Anne_of_Green_Gables_ghibli_141.jpg,a painting of a person walking across a bridge
48,./image/Anne_of_Green_Gables_ghibli_142.jpg,a man and a woman sitting next to each other
49,./image/Anne_of_Green_Gables_ghibli_143.jpg,a woman with red hair and blue eyes standing in front of a forest
50,./image/Anne_of_Green_Gables_ghibli_144.jpg,a girl with red hair holding a basket of apples
51,./image/Anne_of_Green_Gables_ghibli_145.jpg,a woman with long red hair standing in front of a body of water
52,./image/Anne_of_Green_Gables_ghibli_146.jpg,a young girl with red hair standing in front of a window
53,./image/Anne_of_Green_Gables_ghibli_147.jpg,a woman with red hair standing in front of trees
54,./image/Anne_of_Green_Gables_ghibli_148.jpg,a painting of a house with flowers in front of it
55,./image/Anne_of_Green_Gables_ghibli_149.jpg,a woman sitting on a bed in a bedroom
56,./image/Anne_of_Green_Gables_ghibli_15.jpg,a woman sitting at a desk in front of a window
57,./image/Anne_of_Green_Gables_ghibli_150.jpg,a couple of people standing on top of a lush green field
58,./image/Anne_of_Green_Gables_ghibli_16.jpg,a person holding a plate of food in front of a bowl of food
59,./image/Anne_of_Green_Gables_ghibli_17.jpg,a couple of women standing next to each other
60,./image/Anne_of_Green_Gables_ghibli_18.jpg,a group of people sitting around a dinner table
61,./image/Anne_of_Green_Gables_ghibli_19.jpg,a woman in a blue dress standing on a sidewalk
62,./image/Anne_of_Green_Gables_ghibli_2.jpg,a cartoon of a woman with a hat and a suitcase
63,./image/Anne_of_Green_Gables_ghibli_20.jpg,a person sitting on a bench in a forest
64,./image/Anne_of_Green_Gables_ghibli_21.jpg,a couple of people that are on a swing
65,./image/Anne_of_Green_Gables_ghibli_22.jpg,a woman standing next to another woman on a beach
66,./image/Anne_of_Green_Gables_ghibli_23.jpg,a couple of people that are standing in the snow
67,./image/Anne_of_Green_Gables_ghibli_24.jpg,a woman sitting at a table with food in front of her
68,./image/Anne_of_Green_Gables_ghibli_25.jpg,a girl standing in the middle of a tree filled with flowers
69,./image/Anne_of_Green_Gables_ghibli_26.jpg,a boy holding a basket over his head
70,./image/Anne_of_Green_Gables_ghibli_27.jpg,a painting of people standing outside of a red barn
71,./image/Anne_of_Green_Gables_ghibli_28.jpg,a woman in a blue coat and a brown tie
72,./image/Anne_of_Green_Gables_ghibli_29.jpg,a couple of people that are standing in the snow
73,./image/Anne_of_Green_Gables_ghibli_3.jpg,a couple of people standing in a forest next to a lake
74,./image/Anne_of_Green_Gables_ghibli_30.jpg,a young girl with red hair wearing a dress in a forest
75,./image/Anne_of_Green_Gables_ghibli_31.jpg,a man and a woman walking down a street
76,./image/Anne_of_Green_Gables_ghibli_32.jpg,a woman with red hair and a white apron is flying through the air
77,./image/Anne_of_Green_Gables_ghibli_33.jpg,a woman with red hair and blue eyes standing in front of a fence
78,./image/Anne_of_Green_Gables_ghibli_34.jpg,a woman with red hair is walking down a path
79,./image/Anne_of_Green_Gables_ghibli_35.jpg,an animated picture of a girl laying on the ground
80,./image/Anne_of_Green_Gables_ghibli_36.jpg,a girl is picking apples from a tree
81,./image/Anne_of_Green_Gables_ghibli_37.jpg,a man sitting next to a woman in a car
82,./image/Anne_of_Green_Gables_ghibli_38.jpg,a woman in a blue dress and hat holding a basket
83,./image/Anne_of_Green_Gables_ghibli_39.jpg,a cartoon of two women pulling a woman's hair
84,./image/Anne_of_Green_Gables_ghibli_4.jpg,a painting of a girl looking out of a window
85,./image/Anne_of_Green_Gables_ghibli_40.jpg,a painting of a woman walking through a forest
86,./image/Anne_of_Green_Gables_ghibli_41.jpg,a painting of a person walking in the snow
87,./image/Anne_of_Green_Gables_ghibli_42.jpg,a woman with red hair wearing an apron
88,./image/Anne_of_Green_Gables_ghibli_43.jpg,a woman in a field holding a bucket
89,./image/Anne_of_Green_Gables_ghibli_44.jpg,a painting of a man riding a bike through a forest
90,./image/Anne_of_Green_Gables_ghibli_45.jpg,a painting of two people holding hands in front of a house
91,./image/Anne_of_Green_Gables_ghibli_46.jpg,a painting of a girl looking out a window
92,./image/Anne_of_Green_Gables_ghibli_47.jpg,a man and a woman standing next to each other
93,./image/Anne_of_Green_Gables_ghibli_48.jpg,a painting of a girl sitting on a log in the woods
94,./image/Anne_of_Green_Gables_ghibli_49.jpg,a man and a woman riding in a horse drawn carriage
95,./image/Anne_of_Green_Gables_ghibli_5.jpg,two people standing on a bridge in the woods
96,./image/Anne_of_Green_Gables_ghibli_50.jpg,a woman with red hair standing next to another woman
97,./image/Anne_of_Green_Gables_ghibli_51.jpg,a couple of people laying on top of a sandy beach
98,./image/Anne_of_Green_Gables_ghibli_52.jpg,a woman standing in front of a house with a green roof
99,./image/Anne_of_Green_Gables_ghibli_53.jpg,a woman with red hair and blue eyes standing in front of a window
100,./image/Anne_of_Green_Gables_ghibli_54.jpg,a woman in a purple dress holding a bouquet of flowers
101,./image/Anne_of_Green_Gables_ghibli_55.jpg,a group of people sitting next to each other
102,./image/Anne_of_Green_Gables_ghibli_56.jpg,a couple of people that are in the water
103,./image/Anne_of_Green_Gables_ghibli_57.jpg,a painting of two people walking down a dirt road
104,./image/Anne_of_Green_Gables_ghibli_58.jpg,a couple of women walking across a lush green field
105,./image/Anne_of_Green_Gables_ghibli_59.jpg,a group of people standing next to each other
106,./image/Anne_of_Green_Gables_ghibli_6.jpg,a woman with red hair and blue eyes looks at the camera
107,./image/Anne_of_Green_Gables_ghibli_60.jpg,a cartoon of two girls holding hands in the woods
108,./image/Anne_of_Green_Gables_ghibli_61.jpg,a girl with red hair and blue eyes standing in front of a tree
109,./image/Anne_of_Green_Gables_ghibli_62.jpg,a group of people standing in a forest
110,./image/Anne_of_Green_Gables_ghibli_63.jpg,a young girl in a white dress holding a basket
111,./image/Anne_of_Green_Gables_ghibli_64.jpg,a woman in a white dress standing in front of trees
112,./image/Anne_of_Green_Gables_ghibli_65.jpg,a little girl that is standing in front of some flowers
113,./image/Anne_of_Green_Gables_ghibli_66.jpg,a person standing in a field with cows
114,./image/Anne_of_Green_Gables_ghibli_67.jpg,a couple of women standing next to each other in a field
115,./image/Anne_of_Green_Gables_ghibli_68.jpg,a woman with red hair is looking up at the sky
116,./image/Anne_of_Green_Gables_ghibli_69.jpg,a painting of a house in a field
117,./image/Anne_of_Green_Gables_ghibli_7.jpg,a woman standing next to a man in a forest
118,./image/Anne_of_Green_Gables_ghibli_70.jpg,a person standing on a dirt road near a field
119,./image/Anne_of_Green_Gables_ghibli_71.jpg,a cartoon character with red hair and eyes closed
120,./image/Anne_of_Green_Gables_ghibli_72.jpg,a woman holding a bunch of flowers in a forest
121,./image/Anne_of_Green_Gables_ghibli_73.jpg,a woman in a black dress and hat running through a field
122,./image/Anne_of_Green_Gables_ghibli_74.jpg,a woman in a red hoodie is giving a present to a girl in a
123,./image/Anne_of_Green_Gables_ghibli_75.jpg,two people picking fruit in a garden
124,./image/Anne_of_Green_Gables_ghibli_76.jpg,a cartoon of a woman with red hair and blue eyes
125,./image/Anne_of_Green_Gables_ghibli_77.jpg,a group of people with hats on their heads
126,./image/Anne_of_Green_Gables_ghibli_78.jpg,a little girl sitting on the floor next to a bed
127,./image/Anne_of_Green_Gables_ghibli_79.jpg,a woman in a white dress is standing outside of a house
128,./image/Anne_of_Green_Gables_ghibli_8.jpg,a woman looking out of a window at a tree
129,./image/Anne_of_Green_Gables_ghibli_80.jpg,a couple of people that are standing in the snow
130,./image/Anne_of_Green_Gables_ghibli_81.jpg,a couple of women standing next to each other
131,./image/Anne_of_Green_Gables_ghibli_82.jpg,a cartoon character standing in front of a tv
132,./image/Anne_of_Green_Gables_ghibli_83.jpg,a painting of a girl with long red hair
133,./image/Anne_of_Green_Gables_ghibli_84.jpg,a couple of women standing next to each other
134,./image/Anne_of_Green_Gables_ghibli_85.jpg,a group of people standing around each other
135,./image/Anne_of_Green_Gables_ghibli_86.jpg,a little girl sitting on top of a lush green field
136,./image/Anne_of_Green_Gables_ghibli_87.jpg,a group of people walking across a lush green field
137,./image/Anne_of_Green_Gables_ghibli_88.jpg,a woman with red hair and a bow in her hair
138,./image/Anne_of_Green_Gables_ghibli_89.jpg,a painting of a horse grazing in a field
139,./image/Anne_of_Green_Gables_ghibli_9.jpg,a painting of people riding a horse drawn carriage
140,./image/Anne_of_Green_Gables_ghibli_90.jpg,a couple of people that are standing in the grass
141,./image/Anne_of_Green_Gables_ghibli_91.jpg,a woman holding a piece of paper in her hands
142,./image/Anne_of_Green_Gables_ghibli_92.jpg,a boy in a bow tie standing in front of a piano
143,./image/Anne_of_Green_Gables_ghibli_93.jpg,a couple of people standing in the snow
144,./image/Anne_of_Green_Gables_ghibli_94.jpg,a painting of a house surrounded by trees
145,./image/Anne_of_Green_Gables_ghibli_95.jpg,a woman with long red hair wearing a white dress and a crown
146,./image/Anne_of_Green_Gables_ghibli_96.jpg,a man and a woman sitting in a car
147,./image/Anne_of_Green_Gables_ghibli_97.jpg,a girl sitting at a table with a bowl of food
148,./image/Anne_of_Green_Gables_ghibli_98.jpg,a painting of a person standing on a beach
149,./image/Anne_of_Green_Gables_ghibli_99.jpg,a man and a woman standing next to each other
150,./image/Castle_in_The_Sky_1.jpg,a couple of people riding on top of a kite
151,./image/Castle_in_The_Sky_10.jpg,a couple of people with headphones on
152,./image/Castle_in_The_Sky_11.jpg,a person holding their hand up with a ring on it
153,./image/Castle_in_The_Sky_12.jpg,a woman standing on top of a brick wall
154,./image/Castle_in_The_Sky_13.jpg,a person eating a slice of pizza with a hat on
155,./image/Castle_in_The_Sky_14.jpg,a couple of people that are hugging each other
156,./image/Castle_in_The_Sky_15.jpg,a red train traveling down train tracks next to tall buildings
157,./image/Castle_in_The_Sky_16.jpg,a man and a woman standing next to each other
158,./image/Castle_in_The_Sky_17.jpg,a couple of people standing next to each other
159,./image/Castle_in_The_Sky_18.jpg,a woman standing in front of a brick wall
160,./image/Castle_in_The_Sky_19.jpg,a couple of people that are in a tree
161,./image/Castle_in_The_Sky_2.jpg,a group of people standing on top of a building
162,./image/Castle_in_The_Sky_20.jpg,a man and a woman riding in a hot air balloon
163,./image/Castle_in_The_Sky_21.jpg,a young girl holding a flower in her hands
164,./image/Castle_in_The_Sky_22.jpg,a hand holding a book open to a cartoon scene
165,./image/Castle_in_The_Sky_23.jpg,a cartoon character floating in the air
166,./image/Castle_in_The_Sky_24.jpg,a young boy wearing a hat in a forest
167,./image/Castle_in_The_Sky_25.jpg,a man with a hat holding a piece of wood
168,./image/Castle_in_The_Sky_26.jpg,a man playing a trumpet on top of a brick wall
169,./image/Castle_in_The_Sky_27.jpg,a couple of people that are flying in a kite
170,./image/Castle_in_The_Sky_28.jpg,a couple of people that are looking at something
171,./image/Castle_in_The_Sky_29.jpg,a young man with a brown vest and white shirt
172,./image/Castle_in_The_Sky_3.jpg,a painting of a train going through a city
173,./image/Castle_in_The_Sky_30.jpg,a girl with a flower in her hair
174,./image/Castle_in_The_Sky_31.jpg,a person on a ledge with a sky background
175,./image/Castle_in_The_Sky_32.jpg,a man playing a trumpet on top of a brick wall
176,./image/Castle_in_The_Sky_33.jpg,a man with a beard standing in front of a mirror
177,./image/Castle_in_The_Sky_34.jpg,a man in a hat and vest standing in a field
178,./image/Castle_in_The_Sky_35.jpg,a man and a woman walking through a jungle
179,./image/Castle_in_The_Sky_36.jpg,a painting of a green hill with buildings on it
180,./image/Castle_in_The_Sky_37.jpg,a girl with a red headband standing in front of a cactus
181,./image/Castle_in_The_Sky_38.jpg,a couple of people standing next to each other
182,./image/Castle_in_The_Sky_39.jpg,a cartoon character holding a trumpet on top of a brick wall
183,./image/Castle_in_The_Sky_4.jpg,a boy and a girl standing next to each other
184,./image/Castle_in_The_Sky_40.jpg,a couple of people that are hugging each other
185,./image/Castle_in_The_Sky_41.jpg,a man kneeling down next to a woman in a field
186,./image/Castle_in_The_Sky_42.jpg,a boy and a girl flying through the air
187,./image/Castle_in_The_Sky_43.jpg,a couple of people that are in the air
188,./image/Castle_in_The_Sky_44.jpg,a painting of a pink kite flying in the sky
189,./image/Castle_in_The_Sky_45.jpg,a couple of people sitting on top of a pile of rocks
190,./image/Castle_in_The_Sky_46.jpg,a cartoon picture of a man and a woman standing in front of a castle
191,./image/Castle_in_The_Sky_47.jpg,a woman carrying a child on her back
192,./image/Castle_in_The_Sky_48.jpg,a girl in a brown shirt and a brown hat
193,./image/Castle_in_The_Sky_49.jpg,a painting of a man and a woman hugging in front of a castle
194,./image/Castle_in_The_Sky_5.jpg,a painting of a garden with a lot of trees
195,./image/Castle_in_The_Sky_50.jpg,a cartoon of two people fighting over something
196,./image/Castle_in_The_Sky_51.jpg,a couple of people standing next to each other
197,./image/Castle_in_The_Sky_52.jpg,a couple of people standing next to each other
198,./image/Castle_in_The_Sky_53.jpg,a young girl standing next to a turtle
199,./image/Castle_in_The_Sky_54.jpg,a cartoon character holding onto a giant robot
200,./image/Castle_in_The_Sky_55.jpg,a girl with long braids standing in front of two white birds
201,./image/Castle_in_The_Sky_56.jpg,a couple of people standing next to each other
202,./image/Castle_in_The_Sky_57.jpg,a young girl sitting in front of a window
203,./image/Castle_in_The_Sky_58.jpg,a man and a woman standing in front of a castle
204,./image/Castle_in_The_Sky_59.jpg,a woman holding a white bird in her hands
205,./image/Castle_in_The_Sky_6.jpg,a boy and a girl who are touching each other
206,./image/Castle_in_The_Sky_60.jpg,a young boy wearing a yellow hat sitting on a bench
207,./image/Castle_in_The_Sky_61.jpg,a man with a hat and goggles on his head
208,./image/Castle_in_The_Sky_7.jpg,a couple of people standing next to each other
209,./image/Castle_in_The_Sky_8.jpg,a couple of people that are hugging each other
210,./image/Castle_in_The_Sky_9.jpg,a painting of a mountain scene with a castle
211,./image/Howls_Moving_Castle_1.jpg,a man and a woman standing on top of a lush green field
212,./image/Howls_Moving_Castle_10.jpg,a man and a woman standing on top of a hill
213,./image/Howls_Moving_Castle_11.jpg,a boy is holding a spoon and a fork in front of a bowl of soup
214,./image/Howls_Moving_Castle_12.jpg,a woman laying in bed next to a pile of books
215,./image/Howls_Moving_Castle_13.jpg,a woman with white hair is hugging another woman
216,./image/Howls_Moving_Castle_14.jpg,a cartoon character looking out of a window
217,./image/Howls_Moving_Castle_15.jpg,a woman with a knife in her hand
218,./image/Howls_Moving_Castle_16.jpg,a couple of people standing next to each other
219,./image/Howls_Moving_Castle_17.jpg,a man standing on top of a tall wooden pole
220,./image/Howls_Moving_Castle_18.jpg,a woman with long black hair laying on a couch
221,./image/Howls_Moving_Castle_19.jpg,a couple of people standing on top of a bridge
222,./image/Howls_Moving_Castle_2.jpg,a woman in a blue dress standing on a balcony
223,./image/Howls_Moving_Castle_20.jpg,a person laying on a bed in a room
224,./image/Howls_Moving_Castle_21.jpg,a young boy eating breakfast at a table
225,./image/Howls_Moving_Castle_22.jpg,a boy sitting at a picnic table eating food
226,./image/Howls_Moving_Castle_23.jpg,a man and a woman standing next to each other
227,./image/Howls_Moving_Castle_24.jpg,a person standing in front of a frying pan filled with eggs and bacon
228,./image/Howls_Moving_Castle_25.jpg,a group of people standing next to each other
229,./image/Howls_Moving_Castle_26.jpg,a cartoon picture of a person in a field with flowers
230,./image/Howls_Moving_Castle_27.jpg,a woman in a dress and hat standing in front of a mirror
231,./image/Howls_Moving_Castle_28.jpg,a cartoon character driving a car in front of a castle
232,./image/Howls_Moving_Castle_29.jpg,a close up of a cartoon character with big ears
233,./image/Howls_Moving_Castle_3.jpg,a couple of people that are hugging each other
234,./image/Howls_Moving_Castle_30.jpg,an anime character with a surprised look on his face
235,./image/Howls_Moving_Castle_31.jpg,a man in a top hat and black suit standing on a clothes line
236,./image/Howls_Moving_Castle_32.jpg,a group of people standing on top of a lush green field
237,./image/Howls_Moving_Castle_33.jpg,a man standing next to a horse on a street
238,./image/Howls_Moving_Castle_34.jpg,a person with a hat and a backpack
239,./image/Howls_Moving_Castle_35.jpg,a cartoon character standing in front of a fire
240,./image/Howls_Moving_Castle_36.jpg,a frying pan filled with eggs and bacon
241,./image/Howls_Moving_Castle_37.jpg,a couple of people that are standing in the sky
242,./image/Howls_Moving_Castle_38.jpg,a boy pulling a dog on a leash in a field
243,./image/Howls_Moving_Castle_39.jpg,a painting of a kitchen with a dog on the floor
244,./image/Howls_Moving_Castle_4.jpg,a cartoon picture of a man and a woman touching each other
245,./image/Howls_Moving_Castle_40.jpg,a fire in a fireplace with a face drawn on it
246,./image/Howls_Moving_Castle_41.jpg,an anime character with blonde hair and blue eyes
247,./image/Howls_Moving_Castle_42.jpg,a cartoon character with large wings and a blue dress
248,./image/Howls_Moving_Castle_43.jpg,a field full of pink flowers with a blue building in the background
249,./image/Howls_Moving_Castle_44.jpg,a man and a woman laying on a blanket in a field
250,./image/Howls_Moving_Castle_45.jpg,a room filled with lots of different types of items
251,./image/Howls_Moving_Castle_46.jpg,a man in a top hat is holding clothes
252,./image/Howls_Moving_Castle_47.jpg,a man in a suit and top hat standing on a clothes line
253,./image/Howls_Moving_Castle_48.jpg,a woman in a blue dress standing on a hill
254,./image/Howls_Moving_Castle_49.jpg,a man in a military uniform waving at the camera
255,./image/Howls_Moving_Castle_5.jpg,a boy sitting at a table in a room
256,./image/Howls_Moving_Castle_50.jpg,a man and a woman standing on a bridge
257,./image/Howls_Moving_Castle_51.jpg,a man in a top hat and suit is on a clothes line
258,./image/Howls_Moving_Castle_52.jpg,a painting of a field with flowers and clouds in the background
259,./image/Howls_Moving_Castle_53.jpg,a group of people standing next to each other
260,./image/Howls_Moving_Castle_54.jpg,a close up of a person wearing a necklace
261,./image/Howls_Moving_Castle_55.jpg,an anime character with white hair and black feathers
262,./image/Howls_Moving_Castle_56.jpg,a man with blonde hair wearing a white shirt
263,./image/Howls_Moving_Castle_57.jpg,a close up of a person with blue eyes
264,./image/Howls_Moving_Castle_58.jpg,a woman standing in front of a small house
265,./image/Howls_Moving_Castle_59.jpg,a couple of people that are in the dark
266,./image/Howls_Moving_Castle_6.jpg,a woman in a room with a chandelier
267,./image/Howls_Moving_Castle_60.jpg,a cartoon character in a top hat and suit
268,./image/Howls_Moving_Castle_61.jpg,a painting of a field with flowers and a mountain in the background
269,./image/Howls_Moving_Castle_62.jpg,a man and a woman flying through the air
270,./image/Howls_Moving_Castle_63.jpg,a couple of people that are sitting down
271,./image/Howls_Moving_Castle_64.jpg,a person with blonde hair and blue eyes
272,./image/Howls_Moving_Castle_65.jpg,a couple of people standing on top of a hill
273,./image/Howls_Moving_Castle_66.jpg,a couple of people standing on top of a hill
274,./image/Howls_Moving_Castle_67.jpg,a couple of people that are in the dark
275,./image/Howls_Moving_Castle_68.jpg,a man and a woman standing in front of a crowd of people
276,./image/Howls_Moving_Castle_69.jpg,a couple of people standing on top of a hill
277,./image/Howls_Moving_Castle_7.jpg,a person holding out their hand in front of a fire
278,./image/Howls_Moving_Castle_70.jpg,a cartoon character sitting on a bench in front of a fire
279,./image/Howls_Moving_Castle_71.jpg,a painting of flowers and vases on a shelf
280,./image/Howls_Moving_Castle_72.jpg,a cartoon character standing in a kitchen next to a table
281,./image/Howls_Moving_Castle_73.jpg,a couple of people standing next to each other
282,./image/Howls_Moving_Castle_74.jpg,a woman with long black hair sitting on a couch
283,./image/Howls_Moving_Castle_75.jpg,a woman standing in a field with a sky background
284,./image/Howls_Moving_Castle_76.jpg,a close up of a face with a fire in the background
285,./image/Howls_Moving_Castle_77.jpg,a man and a woman kissing on a balcony
286,./image/Howls_Moving_Castle_78.jpg,a cartoon character wearing a top hat and a bow tie
287,./image/Howls_Moving_Castle_79.jpg,a cartoon character holding a frying pan over a fire
288,./image/Howls_Moving_Castle_8.jpg,a girl sitting at a table in front of a window
289,./image/Howls_Moving_Castle_80.jpg,a close up of a clock with a painting on it
290,./image/Howls_Moving_Castle_81.jpg,a painting of two people standing in front of a fire
291,./image/Howls_Moving_Castle_82.jpg,a young boy eating breakfast at a table
292,./image/Howls_Moving_Castle_83.jpg,a living room filled with lots of books and furniture
293,./image/Howls_Moving_Castle_84.jpg,a close up of a clock with a bunch of things on it
294,./image/Howls_Moving_Castle_85.jpg,a couple of people standing on top of a lush green field
295,./image/Howls_Moving_Castle_86.jpg,a painting of a ship floating on top of a mountain
296,./image/Howls_Moving_Castle_87.jpg,a painting of a village by the water
297,./image/Howls_Moving_Castle_88.jpg,a painting of a living room with a fireplace
298,./image/Howls_Moving_Castle_89.jpg,an anime character with blonde hair and blue eyes
299,./image/Howls_Moving_Castle_9.jpg,a painting of a lake surrounded by flowers and mountains
300,./image/Kikis_Delivery_Service_1.jpg,a girl in a pink dress holding a cell phone
301,./image/Kikis_Delivery_Service_10.jpg,a black cat sitting on top of a shelf
302,./image/Kikis_Delivery_Service_11.jpg,a woman standing next to a dog in front of a car
303,./image/Kikis_Delivery_Service_12.jpg,a woman holding a black cat in her arms
304,./image/Kikis_Delivery_Service_13.jpg,a woman holding a black cat in front of a crowd of people
305,./image/Kikis_Delivery_Service_14.jpg,a girl sitting at a table with a notebook in front of her
306,./image/Kikis_Delivery_Service_15.jpg,a girl sitting at a table with a cat on her head
307,./image/Kikis_Delivery_Service_16.jpg,a girl looking out of a window in a garden
308,./image/Kikis_Delivery_Service_17.jpg,a man laying on top of a lush green field
309,./image/Kikis_Delivery_Service_18.jpg,a woman sitting on top of a building with a cat
310,./image/Kikis_Delivery_Service_19.jpg,a couple of people sitting on top of a grass covered field
311,./image/Kikis_Delivery_Service_2.jpg,a painting of a village by the water
312,./image/Kikis_Delivery_Service_20.jpg,a woman sitting on top of a red trolley car
313,./image/Kikis_Delivery_Service_21.jpg,a person sitting on the ground holding a bat
314,./image/Kikis_Delivery_Service_22.jpg,a woman standing on top of a roof next to cats
315,./image/Kikis_Delivery_Service_23.jpg,a black cat sitting in front of a window
316,./image/Kikis_Delivery_Service_24.jpg,a woman flying through the air next to a black cat
317,./image/Kikis_Delivery_Service_25.jpg,a woman flying through the air next to a bird
318,./image/Kikis_Delivery_Service_26.jpg,a young girl holding a broom in her hand
319,./image/Kikis_Delivery_Service_27.jpg,a young girl holding two brooms with a red bow on her head
320,./image/Kikis_Delivery_Service_28.jpg,a young girl holding a broom with a black cat behind her
321,./image/Kikis_Delivery_Service_29.jpg,a woman looking out of a window at a cat
322,./image/Kikis_Delivery_Service_3.jpg,a rug with various items on it on a wooden floor
323,./image/Kikis_Delivery_Service_30.jpg,a cartoon character flying over a city with seagulls
324,./image/Kikis_Delivery_Service_31.jpg,a little girl looking out a window at a black cat
325,./image/Kikis_Delivery_Service_32.jpg,a couple of people sitting at a table with a cat
326,./image/Kikis_Delivery_Service_33.jpg,a man sitting on a window sill talking on a phone
327,./image/Kikis_Delivery_Service_34.jpg,a woman standing in front of a red building
328,./image/Kikis_Delivery_Service_35.jpg,a black cat sitting on top of a sandy ground
329,./image/Kikis_Delivery_Service_36.jpg,a woman sitting on top of a wooden pole next to a black cat
330,./image/Kikis_Delivery_Service_37.jpg,a black cat looking out of a window
331,./image/Kikis_Delivery_Service_38.jpg,a black cat sitting on top of a wooden table
332,./image/Kikis_Delivery_Service_39.jpg,a black cat sitting on top of a window sill
333,./image/Kikis_Delivery_Service_4.jpg,a girl with a red bow on her head
334,./image/Kikis_Delivery_Service_40.jpg,a girl in a store looking at a black cat
335,./image/Kikis_Delivery_Service_41.jpg,a girl sitting on a hill looking at the sky
336,./image/Kikis_Delivery_Service_42.jpg,a painting of a house surrounded by flowers
337,./image/Kikis_Delivery_Service_43.jpg,a girl looking out of a window with ivy growing on it
338,./image/Kikis_Delivery_Service_44.jpg,a woman sitting at a table with a cat in her lap
339,./image/Kikis_Delivery_Service_45.jpg,a cat sitting on top of a roof next to a dog
340,./image/Kikis_Delivery_Service_46.jpg,a person flying through the air on top of a broom
341,./image/Kikis_Delivery_Service_47.jpg,a group of people sitting around a table
342,./image/Kikis_Delivery_Service_48.jpg,a person sitting on a bed with a cat
343,./image/Kikis_Delivery_Service_49.jpg,a little girl looking out a window at a black cat
344,./image/Kikis_Delivery_Service_5.jpg,a close up of a person with a plant in their hand
345,./image/Kikis_Delivery_Service_50.jpg,a chocolate cake with white frosting on a wooden table
346,./image/Kikis_Delivery_Service_51.jpg,a group of people riding in the back of a car
347,./image/Kikis_Delivery_Service_52.jpg,a painting of a black cat sitting on top of a brick wall
348,./image/Kikis_Delivery_Service_53.jpg,a woman walking down a street next to a black cat
349,./image/Kikis_Delivery_Service_54.jpg,a couple of people sitting on top of a grass covered field
350,./image/Kikis_Delivery_Service_55.jpg,a man riding a bike next to a woman on top of a stone wall
351,./image/Kikis_Delivery_Service_56.jpg,a couple of people sitting on top of a surfboard
352,./image/Kikis_Delivery_Service_57.jpg,a group of cats sitting on top of a stone wall
353,./image/Kikis_Delivery_Service_58.jpg,a woman walking down a street holding a broom
354,./image/Kikis_Delivery_Service_59.jpg,a girl looking out of a window in a garden
355,./image/Kikis_Delivery_Service_6.jpg,a painting of a woman walking down a street
356,./image/Kikis_Delivery_Service_60.jpg,a man and a woman sitting on the ground
357,./image/Kikis_Delivery_Service_61.jpg,a girl laying in the grass with a red hat on her head
358,./image/Kikis_Delivery_Service_62.jpg,a girl with a red hat on her head
359,./image/Kikis_Delivery_Service_63.jpg,a woman flying through the air on top of a broom
360,./image/Kikis_Delivery_Service_64.jpg,a man and a woman sitting on top of a grass covered field
361,./image/Kikis_Delivery_Service_65.jpg,a girl with a red bow on her head
362,./image/Kikis_Delivery_Service_66.jpg,a girl in a kitchen with a red bow on her head
363,./image/Kikis_Delivery_Service_67.jpg,a person sitting at a table with food and drinks
364,./image/Kikis_Delivery_Service_68.jpg,a woman looking out a window at a garden
365,./image/Kikis_Delivery_Service_69.jpg,a black cat and a white cat standing on a roof
366,./image/Kikis_Delivery_Service_7.jpg,a boy and a girl sitting at a table with boxes of milk
367,./image/Kikis_Delivery_Service_70.jpg,a woman flying through the air on top of a broom
368,./image/Kikis_Delivery_Service_71.jpg,a girl sitting at a table with a plate of food
369,./image/Kikis_Delivery_Service_72.jpg,a woman and two children in a car
370,./image/Kikis_Delivery_Service_73.jpg,a black cat sitting on top of a counter next to a clock
371,./image/Kikis_Delivery_Service_74.jpg,a woman riding on the back of a seagull
372,./image/Kikis_Delivery_Service_75.jpg,a woman flying through the air over a city at night
373,./image/Kikis_Delivery_Service_76.jpg,a girl with a red bow on her head
374,./image/Kikis_Delivery_Service_77.jpg,a girl with a red bow on her head holding a cup
375,./image/Kikis_Delivery_Service_78.jpg,a girl sitting on the ground with a black cat
376,./image/Kikis_Delivery_Service_79.jpg,a woman sitting at a table with a plate of food in front of her
377,./image/Kikis_Delivery_Service_8.jpg,a cartoon picture of a woman looking at bread in a bakery
378,./image/Kikis_Delivery_Service_80.jpg,a person sitting on a bed with a bunch of money
379,./image/Kikis_Delivery_Service_81.jpg,a girl with a red bow on her head holding a map
380,./image/Kikis_Delivery_Service_82.jpg,a woman sitting on the ground in front of a body of water
381,./image/Kikis_Delivery_Service_83.jpg,a woman in a dress is walking through a forest
382,./image/Kikis_Delivery_Service_84.jpg,a little girl looking out a window at a black cat
383,./image/Kikis_Delivery_Service_85.jpg,a person with glasses holding a hair dryer
384,./image/Kikis_Delivery_Service_86.jpg,a city with lots of tall buildings and a clock tower
385,./image/Kikis_Delivery_Service_87.jpg,a girl with a red bow on her head
386,./image/Kikis_Delivery_Service_88.jpg,a black cat sitting on top of a shelf
387,./image/Kikis_Delivery_Service_89.jpg,a girl with a red bow on her head holding a cup
388,./image/Kikis_Delivery_Service_9.jpg,a group of people standing next to each other
389,./image/Kikis_Delivery_Service_90.jpg,a woman in an apron holding a can of food
390,./image/Kikis_Delivery_Service_91.jpg,a woman riding on the back of a broom
391,./image/Kikis_Delivery_Service_92.jpg,a woman sitting in front of a window surrounded by plants
392,./image/My_Neighbor_Totoro_1.jpg,a person sitting in a field with an umbrella
393,./image/My_Neighbor_Totoro_10.jpg,a painting of a blue bear and a white cat in a forest
394,./image/My_Neighbor_Totoro_100.jpg,a person holding an umbrella standing on top of a hill
395,./image/My_Neighbor_Totoro_101.jpg,a cartoon character sitting on top of a hill
396,./image/My_Neighbor_Totoro_102.jpg,a group of people sitting on top of a tree
397,./image/My_Neighbor_Totoro_103.jpg,a group of people standing in the woods
398,./image/My_Neighbor_Totoro_104.jpg,a group of people standing in front of a tree
399,./image/My_Neighbor_Totoro_105.jpg,a group of people standing around a cartoon character
400,./image/My_Neighbor_Totoro_106.jpg,a painting of two people standing in a field
401,./image/My_Neighbor_Totoro_107.jpg,a young child is looking at a large animal
402,./image/My_Neighbor_Totoro_108.jpg,a person standing next to a person holding an umbrella
403,./image/My_Neighbor_Totoro_109.jpg,a group of cartoon characters standing in the grass
404,./image/My_Neighbor_Totoro_11.jpg,a little girl sitting on the ground next to a large animal
405,./image/My_Neighbor_Totoro_110.jpg,a man sitting at a desk with a flower in his hand
406,./image/My_Neighbor_Totoro_111.jpg,a bathroom with a blue tiled floor and a window
407,./image/My_Neighbor_Totoro_112.jpg,a cartoon character holding an umbrella over another character
408,./image/My_Neighbor_Totoro_113.jpg,a little girl in a pink dress and hat
409,./image/My_Neighbor_Totoro_114.jpg,a person sitting on a rock next to a gorilla
410,./image/My_Neighbor_Totoro_115.jpg,a couple of animals that are in the grass
411,./image/My_Neighbor_Totoro_116.jpg,two children standing in the rain holding umbrellas
412,./image/My_Neighbor_Totoro_117.jpg,a person holding an umbrella standing next to a totoro
413,./image/My_Neighbor_Totoro_118.jpg,a painting of a truck driving down a rural road
414,./image/My_Neighbor_Totoro_119.jpg,a cartoon picture of a cat hanging upside down
415,./image/My_Neighbor_Totoro_12.jpg,a person holding an umbrella standing in the rain
416,./image/My_Neighbor_Totoro_120.jpg,a painting of a large tree with green leaves
417,./image/My_Neighbor_Totoro_121.jpg,a person hugging a large animal in a forest
418,./image/My_Neighbor_Totoro_122.jpg,a painting of a house in the middle of a field
419,./image/My_Neighbor_Totoro_123.jpg,a painting of two girls standing on rocks in a field
420,./image/My_Neighbor_Totoro_124.jpg,a group of people standing on top of a lush green field
421,./image/My_Neighbor_Totoro_125.jpg,a painting of children playing in the woods
422,./image/My_Neighbor_Totoro_126.jpg,a little girl in a yellow dress is looking at a tree
423,./image/My_Neighbor_Totoro_127.jpg,a cartoon character sitting on a fence with an umbrella
424,./image/My_Neighbor_Totoro_128.jpg,a close up of a cat with a sky in the background
425,./image/My_Neighbor_Totoro_129.jpg,a painting of a plant in a field
426,./image/My_Neighbor_Totoro_13.jpg,a young girl laying on top of a giant cat
427,./image/My_Neighbor_Totoro_130.jpg,a painting of a totoro in a green forest
428,./image/My_Neighbor_Totoro_131.jpg,a close up of a cartoon character with big eyes
429,./image/My_Neighbor_Totoro_132.jpg,a person laying on top of a hippo in a forest
430,./image/My_Neighbor_Totoro_133.jpg,a woman holding a baby in her arms
431,./image/My_Neighbor_Totoro_134.jpg,a painting of a field with pink flowers
432,./image/My_Neighbor_Totoro_135.jpg,a boy and a girl are laughing together
433,./image/My_Neighbor_Totoro_136.jpg,a group of people laying on top of a lush green field
434,./image/My_Neighbor_Totoro_137.jpg,a picture of a rabbit in the grass
435,./image/My_Neighbor_Totoro_138.jpg,a couple of people sitting on top of a rock
436,./image/My_Neighbor_Totoro_139.jpg,a girl is walking through a forest with a white rabbit
437,./image/My_Neighbor_Totoro_14.jpg,a little girl riding on the back of a rhino
438,./image/My_Neighbor_Totoro_140.jpg,a young girl kneeling down in the grass
439,./image/My_Neighbor_Totoro_141.jpg,a woman in a pink dress and hat standing in a field
440,./image/My_Neighbor_Totoro_142.jpg,a cartoon character flying through the air with an umbrella
441,./image/My_Neighbor_Totoro_143.jpg,a cat holding an umbrella in the rain
442,./image/My_Neighbor_Totoro_144.jpg,a painting of a night sky with clouds and a half moon
443,./image/My_Neighbor_Totoro_145.jpg,a rhinoceros laying in the grass in the jungle
444,./image/My_Neighbor_Totoro_146.jpg,a boy and a girl looking at a book
445,./image/My_Neighbor_Totoro_147.jpg,a cartoon character is sitting on a branch
446,./image/My_Neighbor_Totoro_148.jpg,a painting of a green field with yellow flowers
447,./image/My_Neighbor_Totoro_149.jpg,a close up of a person with an umbrella
448,./image/My_Neighbor_Totoro_15.jpg,a cartoon scene with a cat holding an umbrella
449,./image/My_Neighbor_Totoro_150.jpg,two children are playing with a water faucet
450,./image/My_Neighbor_Totoro_151.jpg,a woman and a child are walking through a forest
451,./image/My_Neighbor_Totoro_152.jpg,a little girl standing next to a totoro
452,./image/My_Neighbor_Totoro_153.jpg,a person standing next to a giant animal
453,./image/My_Neighbor_Totoro_154.jpg,a close up of an animal with big eyes
454,./image/My_Neighbor_Totoro_155.jpg,a house with a thatched roof in the rain
455,./image/My_Neighbor_Totoro_156.jpg,a group of people standing next to each other in a field
456,./image/My_Neighbor_Totoro_16.jpg,a painting of a dirt road in a green field
457,./image/My_Neighbor_Totoro_17.jpg,a painting of a woman and two children in a field
458,./image/My_Neighbor_Totoro_18.jpg,a rabbit and a bird standing in the grass
459,./image/My_Neighbor_Totoro_19.jpg,a little girl standing on top of a hippo
460,./image/My_Neighbor_Totoro_2.jpg,a cartoon character holding an umbrella in the rain
461,./image/My_Neighbor_Totoro_20.jpg,a picture of a flying object in the sky
462,./image/My_Neighbor_Totoro_22.jpg,a painting of a man riding a bike with a child on the back
463,./image/My_Neighbor_Totoro_23.jpg,a woman holding a child under a pink umbrella
464,./image/My_Neighbor_Totoro_24.jpg,a cartoon scene with a boy and a dragon
465,./image/My_Neighbor_Totoro_25.jpg,a woman is kissing a cat in a cartoon
466,./image/My_Neighbor_Totoro_26.jpg,a woman and two children sitting in the grass
467,./image/My_Neighbor_Totoro_28.jpg,a painting of a person standing in a field
468,./image/My_Neighbor_Totoro_29.jpg,a person sitting at a desk with a fan
469,./image/My_Neighbor_Totoro_3.jpg,a car driving down a rain soaked road at night
470,./image/My_Neighbor_Totoro_30.jpg,a group of people sitting on top of a bench
471,./image/My_Neighbor_Totoro_31.jpg,a couple of kids walking through a forest
472,./image/My_Neighbor_Totoro_32.jpg,a young girl standing next to a giant animal
473,./image/My_Neighbor_Totoro_33.jpg,a couple of kids standing next to each other
474,./image/My_Neighbor_Totoro_34.jpg,a cartoon scene of a boy and a girl in a field
475,./image/My_Neighbor_Totoro_35.jpg,a couple of animals that are in the grass
476,./image/My_Neighbor_Totoro_36.jpg,a cat with a big smile standing next to another cat
477,./image/My_Neighbor_Totoro_37.jpg,a painting of a girl holding hands with a little girl
478,./image/My_Neighbor_Totoro_38.jpg,a young man holding a toothbrush in his hand
479,./image/My_Neighbor_Totoro_39.jpg,a cartoon character holding an umbrella in the rain
480,./image/My_Neighbor_Totoro_4.jpg,a couple of cartoon characters sitting next to each other
481,./image/My_Neighbor_Totoro_40.jpg,a person sitting in a field with an umbrella
482,./image/My_Neighbor_Totoro_41.jpg,a person holding an umbrella standing in the rain
483,./image/My_Neighbor_Totoro_42.jpg,a painting of a hippo in the middle of a forest
484,./image/My_Neighbor_Totoro_43.jpg,a totoro holding an umbrella in the rain
485,./image/My_Neighbor_Totoro_45.jpg,a painting of a field with rocks and trees
486,./image/My_Neighbor_Totoro_46.jpg,a person holding an umbrella standing next to a totoro
487,./image/My_Neighbor_Totoro_47.jpg,a blue and white animal sitting in the grass
488,./image/My_Neighbor_Totoro_48.jpg,a young girl picking leaves from a bush
489,./image/My_Neighbor_Totoro_49.jpg,a person standing in the rain with an umbrella
490,./image/My_Neighbor_Totoro_5.jpg,a painting of a hippo in the middle of a forest
491,./image/My_Neighbor_Totoro_50.jpg,a man riding a bike down a dirt road
492,./image/My_Neighbor_Totoro_51.jpg,a painting of a girl sitting on top of a bridge
493,./image/My_Neighbor_Totoro_52.jpg,a little girl in a pink dress and hat
494,./image/My_Neighbor_Totoro_53.jpg,a cat and a hippo looking out of a train window
495,./image/My_Neighbor_Totoro_54.jpg,a painting of people standing on the porch of a house
496,./image/My_Neighbor_Totoro_55.jpg,a young girl sitting next to a little girl on the ground
497,./image/My_Neighbor_Totoro_56.jpg,a person holding an umbrella in the dark
498,./image/My_Neighbor_Totoro_57.jpg,a little girl riding on the back of an elephant
499,./image/My_Neighbor_Totoro_58.jpg,a little girl sitting on the ground in a forest
500,./image/My_Neighbor_Totoro_59.jpg,a couple kissing in the rain under a gazebo
501,./image/My_Neighbor_Totoro_6.jpg,a young boy is hugging a giant cat
502,./image/My_Neighbor_Totoro_60.jpg,a cat is standing in the rain with an umbrella
503,./image/My_Neighbor_Totoro_61.jpg,a young girl laying on top of a rock next to a forest
504,./image/My_Neighbor_Totoro_62.jpg,a painting of a hippo in the middle of a forest
505,./image/My_Neighbor_Totoro_63.jpg,a painting of a man riding a bike down a hill
506,./image/My_Neighbor_Totoro_64.jpg,a couple of animals that are sitting on a hill
507,./image/My_Neighbor_Totoro_65.jpg,a person holding an umbrella on top of a hill
508,./image/My_Neighbor_Totoro_66.jpg,a little girl standing next to a white rabbit
509,./image/My_Neighbor_Totoro_67.jpg,a poster of a totoro with the moon in the background
510,./image/My_Neighbor_Totoro_68.jpg,a picture of a cat in the grass
511,./image/My_Neighbor_Totoro_69.jpg,a life preserver floating on top of a body of water
512,./image/My_Neighbor_Totoro_7.jpg,a group of people in a field with a black umbrella
513,./image/My_Neighbor_Totoro_70.jpg,a cartoon of a man riding a bike down a path
514,./image/My_Neighbor_Totoro_71.jpg,a painting of a farm with a house in the background
515,./image/My_Neighbor_Totoro_72.jpg,a group of people standing in a field under an umbrella
516,./image/My_Neighbor_Totoro_73.jpg,a man and two children standing under a clothes line
517,./image/My_Neighbor_Totoro_74.jpg,a woman and a child are laughing together
518,./image/My_Neighbor_Totoro_75.jpg,a cartoon character with a camera in a field
519,./image/My_Neighbor_Totoro_76.jpg,a picture of a cartoon character with an umbrella
520,./image/My_Neighbor_Totoro_77.jpg,a close up of a cat wearing a helmet
521,./image/My_Neighbor_Totoro_78.jpg,a painting of a totoro in the middle of a forest
522,./image/My_Neighbor_Totoro_79.jpg,a woman and child standing under a clothes line
523,./image/My_Neighbor_Totoro_8.jpg,a painting of a sunset with clouds in the sky
524,./image/My_Neighbor_Totoro_80.jpg,a frog sitting on the ground with its mouth open
525,./image/My_Neighbor_Totoro_81.jpg,a cartoon character with a big smile on her face
526,./image/My_Neighbor_Totoro_82.jpg,a person holding an umbrella in the rain
527,./image/My_Neighbor_Totoro_83.jpg,a painting of a rabbit in the middle of a forest
528,./image/My_Neighbor_Totoro_84.jpg,a man riding on the back of a bike with two children
529,./image/My_Neighbor_Totoro_86.jpg,a person standing next to a tree in a forest
530,./image/My_Neighbor_Totoro_87.jpg,a totoro holding an umbrella in the rain
531,./image/My_Neighbor_Totoro_88.jpg,a couple of cartoon characters in a forest
532,./image/My_Neighbor_Totoro_89.jpg,a couple of kids riding in the back of a truck
533,./image/My_Neighbor_Totoro_9.jpg,a little girl standing next to a white bird
534,./image/My_Neighbor_Totoro_90.jpg,a person sitting under an umbrella in front of a full moon
535,./image/My_Neighbor_Totoro_91.jpg,a girl in a yellow dress standing in a field
536,./image/My_Neighbor_Totoro_92.jpg,a painting of a cartoon character in the jungle
537,./image/My_Neighbor_Totoro_93.jpg,a field of sunflowers with a sky background
538,./image/My_Neighbor_Totoro_94.jpg,a cartoon character sitting on top of a hill
539,./image/My_Neighbor_Totoro_95.jpg,a person holding an umbrella next to a totoro in the rain
540,./image/My_Neighbor_Totoro_96.jpg,a picture of a flying object in the sky
541,./image/My_Neighbor_Totoro_97.jpg,a group of people sitting on the ground in front of a tree
542,./image/My_Neighbor_Totoro_98.jpg,a house with a man standing in the doorway
543,./image/My_Neighbor_Totoro_99.jpg,a cat with its mouth open sitting on the ground
544,./image/ponyo_10.jpg,a boy and a girl kissing in the air
545,./image/ponyo_100.jpg,a person holding a sandwich in their hand
546,./image/ponyo_102.jpg,a cartoon of a boy with pink hair and a fish on his head
547,./image/ponyo_103.jpg,a cartoon character with red hair and a pink shirt
548,./image/ponyo_104.jpg,a young boy sitting at a table with a mug and spoon
549,./image/ponyo_105.jpg,a woman in a pink dress holding a boat
550,./image/ponyo_106.jpg,a child is floating in the water next to a whale
551,./image/ponyo_107.jpg,a couple of kids peeking out from behind some leaves
552,./image/ponyo_108.jpg,a cartoon character with a large piece of meat in his mouth
553,./image/ponyo_109.jpg,a couple of kids that are kissing each other
554,./image/ponyo_11.jpg,a person in a raincoat standing in the rain
555,./image/ponyo_110.jpg,a couple of people riding on top of a boat
556,./image/ponyo_111.jpg,a couple of kids are eating some food
557,./image/ponyo_112.jpg,a cartoon picture of a boy holding a can of soda
558,./image/ponyo_113.jpg,a boy and a girl on a boat in the water
559,./image/ponyo_114.jpg,a young boy is playing with a toy in the grass
560,./image/ponyo_115.jpg,a cartoon character with red hair and a red shirt
561,./image/ponyo_116.jpg,a couple of people standing next to each other under water
562,./image/ponyo_117.jpg,a cartoon character floating in the water surrounded by fish
563,./image/ponyo_118.jpg,a boy and a girl sitting at a table with a bowl of food
564,./image/ponyo_119.jpg,a car driving down a road with a person sitting in the passenger seat
565,./image/ponyo_12.jpg,a cartoon character floating in a body of water
566,./image/ponyo_120.jpg,a young boy with red hair sitting at a table
567,./image/ponyo_121.jpg,a painting of a yellow house with a red roof
568,./image/ponyo_122.jpg,a woman looking at a fish in a bowl
569,./image/ponyo_123.jpg,a boy holding two spoons and a fork in front of a bowl of soup
570,./image/ponyo_125.jpg,a cartoon character floating in a pool of water
571,./image/ponyo_127.jpg,a bunch of monkeys that are in the air
572,./image/ponyo_128.jpg,a girl sitting at a table drinking from a mug
573,./image/ponyo_13.jpg,a boy holding a bowl with a doll in it
574,./image/ponyo_131.jpg,a boy with a sad face standing in front of a group of fish
575,./image/ponyo_14.jpg,a painting of a road with a bunch of blue birds on it
576,./image/ponyo_15.jpg,a person with red hair holding a white object
577,./image/ponyo_16.jpg,a person sitting at a table with a plate of food
578,./image/ponyo_17.jpg,a person with red hair and a red shirt
579,./image/ponyo_18.jpg,a glass ball with a cartoon character inside of it
580,./image/ponyo_19.jpg,a little girl in a red dress holding a green bag
581,./image/ponyo_2.jpg,a little girl sitting on top of a blue couch
582,./image/ponyo_20.jpg,a boy and a girl riding on a boat in the water
583,./image/ponyo_21.jpg,a young child sitting at a table with a cup and spoon
584,./image/ponyo_22.jpg,a child sitting at a table with a cup and a spoon
585,./image/ponyo_23.jpg,a couple of kids standing next to each other
586,./image/ponyo_24.jpg,a boy and a girl holding hands in front of trees
587,./image/ponyo_25.jpg,a girl covering her face with her hands
588,./image/ponyo_26.jpg,a girl with red hair and a green light on her head
589,./image/ponyo_27.jpg,a young boy with red hair sitting on the ground
590,./image/ponyo_28.jpg,a boy is sitting on a whale in the water
591,./image/ponyo_29.jpg,a boy and a girl sitting on the ground
592,./image/ponyo_3.jpg,a young girl with red hair laying on a bed
593,./image/ponyo_30.jpg,a plate with a cartoon character on it
594,./image/ponyo_31.jpg,a painting of a person sitting under a tree
595,./image/ponyo_32.jpg,a young boy looking at a fish in a bowl
596,./image/ponyo_33.jpg,a boy and a girl sitting next to each other
597,./image/ponyo_34.jpg,a person riding on the back of a boat
598,./image/ponyo_35.jpg,a man riding on the back of a red boat
599,./image/ponyo_36.jpg,a child sitting on the ground in front of a tree
600,./image/ponyo_38.jpg,a couple of kids standing next to each other
601,./image/ponyo_39.jpg,a cartoon character laying on top of a circular object
602,./image/ponyo_4.jpg,a couple of people standing next to each other
603,./image/ponyo_40.jpg,a boy and a girl kissing in front of a car
604,./image/ponyo_41.jpg,a boy and a girl sitting at a table with a bowl of food
605,./image/ponyo_42.jpg,a person with red hair holding a ball
606,./image/ponyo_43.jpg,a couple of people riding on the back of a boat
607,./image/ponyo_44.jpg,a person standing on a rocky shore next to a body of water
608,./image/ponyo_45.jpg,a young boy holding a spoon and a cup
609,./image/ponyo_46.jpg,a boy and a girl kissing in the sky
610,./image/ponyo_47.jpg,a painting of two people in a boat in the water
611,./image/ponyo_48.jpg,a boy holding a cell phone next to a body of water
612,./image/ponyo_5.jpg,a cartoon character with many monkeys flying around
613,./image/ponyo_50.jpg,two anime characters standing next to each other
614,./image/ponyo_52.jpg,a couple of people that are kissing each other
615,./image/ponyo_53.jpg,a boy and a girl walking in the woods
616,./image/ponyo_54.jpg,a couple of people riding on top of a boat
617,./image/ponyo_55.jpg,a boy and a girl sitting in a car
618,./image/ponyo_56.jpg,a young boy holding a red and white surfboard
619,./image/ponyo_57.jpg,a couple of kids sitting at a table with bowls of food
620,./image/ponyo_58.jpg,a boy and a girl sitting at a table with bowls of food
621,./image/ponyo_59.jpg,a person holding a bowl with a child in it
622,./image/ponyo_6.jpg,a couple of people riding on top of a boat
623,./image/ponyo_60.jpg,a boy holding a cell phone in front of a body of water
624,./image/ponyo_61.jpg,a couple of kids laying in bed next to each other
625,./image/ponyo_62.jpg,a couple of kids eating out of bowls
626,./image/ponyo_63.jpg,a close up of a cartoon character in a glass bowl
627,./image/ponyo_64.jpg,a couple of people standing next to each other under a blue sky
628,./image/ponyo_65.jpg,a boy blowing a bubble with a fish in it
629,./image/ponyo_66.jpg,a woman laying in bed with her eyes closed
630,./image/ponyo_67.jpg,a couple of kids walking across a forest
631,./image/ponyo_68.jpg,a person with red hair and a smile on their face
632,./image/ponyo_69.jpg,a young boy holding a nintendo wii game controller
633,./image/ponyo_7.jpg,a painting of a pink car parked in front of a house
634,./image/ponyo_70.jpg,a boy and a girl hugging in front of a car
635,./image/ponyo_72.jpg,a cartoon character with a bunch of teddy bears
636,./image/ponyo_73.jpg,a man riding on the back of a boat in the water
637,./image/ponyo_74.jpg,an anime character with red hair and a green jacket
638,./image/ponyo_75.jpg,a man riding on top of a boat in a river
639,./image/ponyo_76.jpg,a boy and a girl sitting at a table with bowls of food
640,./image/ponyo_77.jpg,a boy and a girl sitting at a table with bowls of food
641,./image/ponyo_79.jpg,a car driving down a road next to a lush green field
642,./image/ponyo_8.jpg,a group of people standing on top of a lush green field
643,./image/ponyo_80.jpg,a man riding a boat in the middle of a forest
644,./image/ponyo_81.jpg,a boy and a girl kissing in the sky
645,./image/ponyo_82.jpg,a cartoon of a boy with a blow dryer in his hand
646,./image/ponyo_83.jpg,a cartoon character peeking out of a hole in the ground
647,./image/ponyo_84.jpg,a cartoon character looking at a mirror in a room
648,./image/ponyo_85.jpg,a boy with red hair and a red shirt
649,./image/ponyo_86.jpg,a couple of kids that are kissing each other
650,./image/ponyo_87.jpg,a girl sitting at a table with a bowl of food
651,./image/ponyo_88.jpg,a person with red hair and a smile on their face
652,./image/ponyo_89.jpg,a little girl sitting in the woods with her hands on her hips
653,./image/ponyo_9.jpg,a tree filled with lots of bubbles floating in the air
654,./image/ponyo_90.jpg,a person in a raincoat standing in the rain
655,./image/ponyo_91.jpg,a young boy is being hugged by a woman in front of a car
656,./image/ponyo_92.jpg,a girl with red hair standing in front of a bunch of monkeys
657,./image/ponyo_93.jpg,a young boy is washing his hands with water
658,./image/ponyo_95.jpg,a boy eating an ice cream cone while sitting in a car
659,./image/ponyo_97.jpg,a cartoon scene of a man and a woman walking down a path
660,./image/ponyo_98.jpg,a couple of kids sitting at a table eating food
661,./image/ponyo_99.jpg,a pink car driving down a street next to a house
662,./image/Princess_Mononoke_1.jpg,a painting of a yellow teddy bear standing in the middle of a forest
663,./image/Princess_Mononoke_10.jpg,a group of cartoon characters walking through a forest
664,./image/Princess_Mononoke_11.jpg,a couple of people standing next to each other
665,./image/Princess_Mononoke_12.jpg,a man and a woman standing next to each other
666,./image/Princess_Mononoke_13.jpg,a painting of a forest filled with lots of trees
667,./image/Princess_Mononoke_14.jpg,a woman standing next to a large white wolf
668,./image/Princess_Mononoke_15.jpg,a woman riding on the back of a white wolf
669,./image/Princess_Mononoke_16.jpg,a woman wearing a hat and fur coat
670,./image/Princess_Mononoke_17.jpg,a person with a hat and a furry coat
671,./image/Princess_Mononoke_19.jpg,a group of people with towels on their heads
672,./image/Princess_Mononoke_2.jpg,a woman with a sword sitting on the ground
673,./image/Princess_Mononoke_20.jpg,a goat with horns standing in a forest
674,./image/Princess_Mononoke_21.jpg,a woman standing next to a white wolf
675,./image/Princess_Mononoke_22.jpg,a couple of aliens standing next to each other
676,./image/Princess_Mononoke_23.jpg,a woman in a white shirt with a pair of earrings on her head
677,./image/Princess_Mononoke_24.jpg,a group of people standing next to each other
678,./image/Princess_Mononoke_25.jpg,a painting of a group of aliens in a forest
679,./image/Princess_Mononoke_26.jpg,a couple of people laying on top of a lush green field
680,./image/Princess_Mononoke_27.jpg,a couple of people that are looking at something
681,./image/Princess_Mononoke_28.jpg,a person with a furry animal on their head
682,./image/Princess_Mononoke_29.jpg,a couple of people that are in the grass
683,./image/Princess_Mononoke_3.jpg,a couple of small white animals standing in a forest
684,./image/Princess_Mononoke_30.jpg,a person in a red hoodie peeking out from behind a tree
685,./image/Princess_Mononoke_31.jpg,a man riding on the back of a cow
686,./image/Princess_Mononoke_32.jpg,a woman with blue hair wearing a blue dress
687,./image/Princess_Mononoke_33.jpg,a woman holding a stick while wearing a white tank top
688,./image/Princess_Mononoke_34.jpg,a couple of people standing on top of a lush green hillside
689,./image/Princess_Mononoke_35.jpg,a woman with black hair wearing a white top
690,./image/Princess_Mononoke_36.jpg,a young man with blue eyes wearing a white tank top
691,./image/Princess_Mononoke_37.jpg,a woman with green hair wearing a white and black outfit
692,./image/Princess_Mononoke_38.jpg,a man in a red hoodie standing in front of trees
693,./image/Princess_Mononoke_39.jpg,a painting of a bunch of skulls in a field
694,./image/Princess_Mononoke_4.jpg,a couple of people that are laying down in the grass
695,./image/Princess_Mononoke_40.jpg,a picture of a cartoon character standing in the woods
696,./image/Princess_Mononoke_41.jpg,a woman wearing a hat and a fur coat
697,./image/Princess_Mononoke_42.jpg,a woman with black hair wearing a white and blue outfit
698,./image/Princess_Mononoke_43.jpg,a painting of three aliens in a forest
699,./image/Princess_Mononoke_44.jpg,a man riding on the back of a horse next to a person laying on the
700,./image/Princess_Mononoke_45.jpg,a couple of people that are hugging each other
701,./image/Princess_Mononoke_46.jpg,a person with a hat on their head
702,./image/Princess_Mononoke_47.jpg,a woman in a fur coat talking on a cell phone
703,./image/Princess_Mononoke_48.jpg,a woman standing next to a white dog
704,./image/Princess_Mononoke_49.jpg,a group of people standing on top of a lush green field
705,./image/Princess_Mononoke_5.jpg,a painting of a swampy area with trees and water
706,./image/Princess_Mononoke_50.jpg,a group of alien like people standing in a forest
707,./image/Princess_Mononoke_51.jpg,a woman in a white dress standing next to a wolf
708,./image/Princess_Mononoke_52.jpg,a drawing of a girl with a sword
709,./image/Princess_Mononoke_53.jpg,a couple of people that are standing up
710,./image/Princess_Mononoke_54.jpg,a group of cartoon characters standing in the middle of a forest
711,./image/Princess_Mononoke_55.jpg,an animated scene of a man riding a horse
712,./image/Princess_Mononoke_56.jpg,a couple of white wolf standing next to each other
713,./image/Princess_Mononoke_57.jpg,a woman in a blue dress sitting next to a horse
714,./image/Princess_Mononoke_58.jpg,a man holding a bow and arrow in front of a mountain
715,./image/Princess_Mononoke_59.jpg,a girl standing next to a white wolf in a forest
716,./image/Princess_Mononoke_6.jpg,a painting of a bunch of strange looking heads in the grass
717,./image/Princess_Mononoke_60.jpg,a painting of a forest with mushrooms on the ground
718,./image/Princess_Mononoke_61.jpg,a woman standing next to a wolf in a forest
719,./image/Princess_Mononoke_62.jpg,a person in a red hoodie standing in a forest
720,./image/Princess_Mononoke_63.jpg,a woman sitting on top of a white dog
721,./image/Princess_Mononoke_64.jpg,a group of people standing in a forest next to a wolf
722,./image/Princess_Mononoke_65.jpg,a woman with a knife in her mouth
723,./image/Princess_Mononoke_66.jpg,a group of people standing in the middle of a forest
724,./image/Princess_Mononoke_67.jpg,a man riding on the back of a cow next to a woman
725,./image/Princess_Mononoke_68.jpg,a goat with horns and a harness around its neck
726,./image/Princess_Mononoke_69.jpg,a woman in a fox mask sitting on the ground
727,./image/Princess_Mononoke_7.jpg,a group of cartoon figures in a forest
728,./image/Princess_Mononoke_70.jpg,a close up of a person with a cat's face
729,./image/Princess_Mononoke_71.jpg,a woman sitting on top of a white wolf next to a man
730,./image/Princess_Mononoke_72.jpg,a digital painting of a blue dragon in the night sky
731,./image/Princess_Mononoke_73.jpg,a cartoon character standing in the middle of a forest
732,./image/Princess_Mononoke_74.jpg,a woman in a red hat and fur coat
733,./image/Princess_Mononoke_75.jpg,a woman in a blue shirt standing in a forest
734,./image/Princess_Mononoke_78.jpg,a painting of a group of people standing in the middle of a forest
735,./image/Princess_Mononoke_79.jpg,a person in a red hood and a cow
736,./image/Princess_Mononoke_8.jpg,a person laying in a field of tall grass
737,./image/Princess_Mononoke_80.jpg,a woman holding a horse in a forest
738,./image/Princess_Mononoke_81.jpg,an animated scene of a man riding a horse
739,./image/Princess_Mononoke_82.jpg,a group of white dogs standing next to each other
740,./image/Princess_Mononoke_83.jpg,a man riding on the back of a brown and white horse
741,./image/Princess_Mononoke_84.jpg,a woman in a white shirt holding a pair of scissors
742,./image/Princess_Mononoke_85.jpg,a horned animal standing in a body of water
743,./image/Princess_Mononoke_86.jpg,a person wearing a mask and holding a knife
744,./image/Princess_Mononoke_9.jpg,a man holding a bow and arrow in front of a mountain
745,./image/Spirited_Away_1.jpg,a strange looking object with eyes and a nose
746,./image/Spirited_Away_10.jpg,a woman laying in bed with her eyes closed
747,./image/Spirited_Away_11.jpg,a young girl holding a necklace in a room
748,./image/Spirited_Away_12.jpg,a tall building with a green roof next to a tree
749,./image/Spirited_Away_13.jpg,two girls sitting in the grass reading a book
750,./image/Spirited_Away_14.jpg,a person walking on a beach with a cell phone to their ear
751,./image/Spirited_Away_15.jpg,a frog with a scarf around its neck
752,./image/Spirited_Away_16.jpg,a girl in a green and white striped shirt holding a toothbrush
753,./image/Spirited_Away_17.jpg,a person sitting at a table with a ball of yarn
754,./image/Spirited_Away_18.jpg,a woman standing in front of a tree
755,./image/Spirited_Away_19.jpg,a woman standing in front of a red fence
756,./image/Spirited_Away_2.jpg,a cartoon character standing in front of a bunch of black balls
757,./image/Spirited_Away_20.jpg,a woman standing on a train looking out the window
758,./image/Spirited_Away_21.jpg,a person with a mask on holding a cigarette
759,./image/Spirited_Away_22.jpg,a person walking on a train track next to the ocean
760,./image/Spirited_Away_23.jpg,a girl standing in front of a bunch of flowers
761,./image/Spirited_Away_24.jpg,a couple of people that are standing in the dirt
762,./image/Spirited_Away_25.jpg,a bird with a green hat sitting on a red bench
763,./image/Spirited_Away_26.jpg,a girl sitting on a dragon with her hand in her pocket
764,./image/Spirited_Away_27.jpg,a couple of people flying through the air
765,./image/Spirited_Away_28.jpg,two people standing on a red bridge looking at the stars
766,./image/Spirited_Away_29.jpg,a couple of anime characters sitting next to each other
767,./image/Spirited_Away_3.jpg,a painting of a woman walking down a set of stairs
768,./image/Spirited_Away_30.jpg,a woman in a pink dress standing on a red bridge
769,./image/Spirited_Away_31.jpg,a woman in a white shirt and green hair
770,./image/Spirited_Away_32.jpg,a large red building with a green roof
771,./image/Spirited_Away_33.jpg,a person with a plate of food in front of a person with a mask on
772,./image/Spirited_Away_34.jpg,a young girl holding an apple in her hand
773,./image/Spirited_Away_35.jpg,a person standing on a bridge in front of a building
774,./image/Spirited_Away_36.jpg,a bunch of yellow ducks sitting in a bowl
775,./image/Spirited_Away_37.jpg,a woman standing next to a dragon on a field
776,./image/Spirited_Away_38.jpg,a couple of people standing on top of a balcony
777,./image/Spirited_Away_39.jpg,a couple of people that are laying down
778,./image/Spirited_Away_4.jpg,a cartoon of a man laying on a bench
779,./image/Spirited_Away_40.jpg,a cartoon character flying through the air
780,./image/Spirited_Away_41.jpg,a woman with black hair standing in front of flowers
781,./image/Spirited_Away_42.jpg,a woman sitting at a table next to a pile of yarn
782,./image/Spirited_Away_43.jpg,a woman with short black hair and a white shirt
783,./image/Spirited_Away_44.jpg,a painting of a house on a small island
784,./image/Spirited_Away_45.jpg,a couple of people standing next to each other
785,./image/Spirited_Away_46.jpg,a woman riding on the back of a white dragon
786,./image/Spirited_Away_47.jpg,a girl sitting in the back of a car holding flowers
787,./image/Spirited_Away_48.jpg,a woman in a kimono standing on a red bridge
788,./image/Spirited_Away_49.jpg,a woman riding on the back of a white dragon
789,./image/Spirited_Away_5.jpg,a person wearing a mask standing in front of a door
790,./image/Spirited_Away_50.jpg,a girl standing in front of a building at night
791,./image/Spirited_Away_51.jpg,a couple of girls standing next to each other
792,./image/Spirited_Away_52.jpg,a person in a spirited costume standing in front of a pile of food
793,./image/Spirited_Away_53.jpg,a woman in a pink dress running next to a white dragon
794,./image/Spirited_Away_54.jpg,a person wearing a mask standing in front of a bush
795,./image/Spirited_Away_55.jpg,a bunch of birds that are in a bowl
796,./image/Spirited_Away_56.jpg,a boy in a red shirt is standing in a barrel
797,./image/Spirited_Away_57.jpg,a painting of a building with a red bridge in front of it
798,./image/Spirited_Away_58.jpg,a couple of women sitting next to each other
799,./image/Spirited_Away_59.jpg,a painting of a house on a small island
800,./image/Spirited_Away_6.jpg,a black and white cartoon character leaning against a tree
801,./image/Spirited_Away_60.jpg,a bunch of yellow birds are in a basket
802,./image/Spirited_Away_62.jpg,a couple of people that are sitting in the grass
803,./image/Spirited_Away_63.jpg,a woman sitting in front of a window next to a person with a mask on
804,./image/Spirited_Away_65.jpg,a bunch of ducks that are sitting on a table
805,./image/Spirited_Away_66.jpg,a dragon flying in the sky with a full moon in the background
806,./image/Spirited_Away_67.jpg,a woman standing next to a man on a train
807,./image/Spirited_Away_68.jpg,a girl in a pink shirt looking at flowers
808,./image/Spirited_Away_69.jpg,two people in a boat in the water
809,./image/Spirited_Away_7.jpg,a woman in a red dress holding a stick
810,./image/Spirited_Away_70.jpg,a young girl is holding an apple in her hand
811,./image/Spirited_Away_71.jpg,a close up of a person with green hair
812,./image/Spirited_Away_72.jpg,a couple of people standing next to each other
813,./image/Spirited_Away_73.jpg,a couple of people that are hugging each other
814,./image/Spirited_Away_74.jpg,a couple of kids that are walking together
815,./image/Spirited_Away_75.jpg,a woman flying through the air on top of a metal object
816,./image/Spirited_Away_76.jpg,a girl crouches in front of a bush with blue flowers
817,./image/Spirited_Away_77.jpg,a person in a room with a mask on
818,./image/Spirited_Away_78.jpg,a couple of people laying on top of a wooden floor
819,./image/Spirited_Away_79.jpg,a person wearing a mask standing in front of flowers
820,./image/Spirited_Away_8.jpg,a bunch of black and white balls with a person standing in the middle of them
821,./image/Spirited_Away_80.jpg,a close up of a person laying in a bed
822,./image/Spirited_Away_81.jpg,a painting of a train on a cloudy day
823,./image/Spirited_Away_82.jpg,a couple of people standing next to each other
824,./image/Spirited_Away_83.jpg,a couple of women sitting next to each other
825,./image/Spirited_Away_84.jpg,a bunch of pink flowers with a sign in the middle
826,./image/Spirited_Away_85.jpg,a woman in a red dress standing in front of a building
827,./image/Spirited_Away_86.jpg,a woman kneeling down next to a little girl
828,./image/Spirited_Away_87.jpg,a group of black and white animals surrounded by black and white balls
829,./image/Spirited_Away_88.jpg,a painting of a kitchen with a counter and stools
830,./image/Spirited_Away_9.jpg,a woman laying on top of a bed next to a stuffed animal
831,./image/Spirited_Away_90.jpg,a woman sitting next to a girl in a field of flowers
832,./image/Spirited_Away_91.jpg,a person sitting on a red couch in front of a window
